depth,age,sum_pollen,pollen_ID_per,unknown_per,sum_objects_per,abb_pic_mix,abies_b,acer_mix,alnus_mix,betula_mix,corylus_c,eucalyptus,juni_thuya,npp_mix,picea_mix,pinus_b_mix,pinus_mix,pinus_s,quercus_r,tricolp_mix,tripor_mix
280,695,299,72.9,27.09,210.37,9.70,3.34,3.34,0.67,15.72,1.67,3.01,7.69,110.37,6.35,23.41,28.09,4.68,3.01,6.35,24.08
284,816,369,72.9,27.10,212.20,28.18,6.78,3.52,1.90,7.32,1.90,1.08,4.61,112.20,21.41,15.99,22.76,6.78,1.63,5.15,13.82
287,908,310,75.2,24.84,214.52,30.97,5.81,2.90,1.29,10.65,0.97,2.58,6.45,114.52,25.16,11.94,19.03,7.10,0.32,3.23,17.10
290,999,211,73.5,26.54,276.78,19.43,2.84,3.79,0.95,11.85,0.47,6.16,9.95,176.78,16.59,13.74,18.48,4.74,2.37,6.16,19.91
292,1060,301,66.4,33.55,204.32,14.29,2.99,3.32,1.66,7.64,1.66,2.33,7.31,104.32,11.30,22.92,26.91,3.99,1.33,4.65,14.29
295,1139,291,73.2,26.80,204.12,27.84,6.19,1.72,1.03,4.47,2.41,0.34,8.59,104.12,21.65,20.27,26.80,6.53,0.00,1.72,8.59
298,1194,345,73.6,26.38,165.51,28.12,8.41,2.90,2.03,8.70,0.00,0.58,7.54,65.51,19.71,18.55,22.32,3.77,1.45,4.35,14.49
301,1250,304,69.4,30.59,173.03,17.43,4.61,4.93,0.99,4.93,2.63,1.64,4.93,73.03,12.83,20.72,31.58,10.86,0.33,5.26,13.49
304,1305,303,65.7,34.32,241.25,11.22,3.63,0.99,0.00,3.63,2.64,2.31,9.90,141.25,7.59,14.85,33.99,19.14,0.99,1.98,11.55
307,1361,333,76.6,23.42,170.87,30.33,9.01,2.40,0.60,6.31,0.30,0.90,5.11,70.87,21.32,24.92,29.73,4.80,0.90,3.30,9.61
309,1398,552,72.5,27.54,209.42,26.99,5.25,2.72,0.91,7.97,1.81,0.91,3.44,109.42,21.74,14.86,26.27,11.41,1.45,4.17,14.31
313,1472,313,69.3,30.67,293.93,5.75,0.32,3.83,1.60,9.27,1.60,1.92,8.31,193.93,5.43,22.36,35.78,13.42,1.28,5.11,18.85
316,1527,302,73.5,26.49,188.08,15.23,2.65,1.99,1.66,8.28,1.32,0.66,3.64,88.08,12.58,24.17,39.40,15.23,1.32,3.31,14.24
319,1583,389,75.3,24.68,171.21,21.34,4.63,2.31,1.54,12.08,1.03,1.29,3.86,71.21,16.71,19.28,29.56,10.28,2.31,4.63,19.54
322,1632,498,68.1,31.93,170.88,22.89,4.42,7.23,0.60,4.42,1.00,1.20,3.82,70.88,18.47,16.06,24.90,8.84,2.01,9.24,9.24
325,1679,414,72.7,27.29,172.22,28.02,3.86,2.17,0.97,4.11,0.24,0.72,3.62,72.22,24.15,22.22,32.61,10.39,0.24,2.42,7.97
328,1726,291,70.8,29.21,182.82,24.05,4.12,2.41,1.72,6.53,1.37,1.72,4.47,82.82,19.93,20.27,27.84,7.56,0.69,3.09,16.15
331,1773,429,67.8,32.17,187.18,9.32,2.56,4.90,0.00,9.09,1.63,2.10,4.20,87.18,6.76,26.11,36.13,10.02,0.47,5.36,15.38
333,1804,261,70.1,29.89,304.98,16.86,3.83,5.75,1.15,3.45,0.00,2.30,4.98,204.98,13.03,27.20,34.48,7.28,1.15,6.90,9.20
336,1851,324,74.7,25.31,288.89,10.19,2.78,4.63,1.54,8.64,0.93,1.23,5.86,188.89,7.41,28.40,39.51,11.11,2.16,6.79,15.12
339,1898,322,69.9,30.12,258.39,16.15,4.97,3.73,1.86,8.70,1.86,1.24,4.04,158.39,11.18,25.47,31.68,6.21,0.62,4.35,16.77
342,1944,325,71.4,28.62,306.15,6.15,2.15,5.85,2.15,15.38,1.23,1.85,6.15,206.15,4.00,23.08,30.46,7.38,2.15,8.00,24.00
345,1991,310,69.0,30.97,269.35,7.10,0.65,5.48,1.29,5.81,2.58,2.26,6.45,169.35,6.45,27.10,36.77,9.68,1.29,6.77,15.16
348,2038,315,66.3,33.65,282.22,13.33,2.54,4.76,1.27,5.71,1.90,1.59,5.40,182.22,10.79,25.71,32.38,6.67,0.00,4.76,12.70
352,2100,653,66.3,33.69,224.81,8.88,1.99,5.36,1.68,7.20,2.30,1.68,3.68,124.81,6.89,24.04,34.30,10.26,1.23,6.58,15.16
356,2163,238,69.7,30.25,245.38,10.92,2.10,1.68,0.00,12.18,2.10,1.26,8.40,145.38,8.82,22.27,31.09,8.82,2.10,3.78,18.07
358,2194,281,65.5,34.52,285.41,5.69,1.42,8.54,1.42,13.52,1.42,1.78,6.05,185.41,4.27,19.22,24.20,4.98,2.85,11.39,22.42
361,2241,1132,72.1,27.92,188.25,22.79,9.10,2.92,2.03,13.60,0.80,3.71,4.59,88.25,13.69,15.37,19.26,3.89,2.39,5.30,22.97
364,2288,874,73.0,27.00,191.42,21.97,6.98,2.06,1.14,9.61,0.92,1.95,5.38,91.42,14.99,20.59,27.69,7.09,2.29,4.35,16.36
367,2334,305,69.8,30.16,235.08,13.11,4.26,4.92,0.66,8.52,0.33,1.31,5.57,135.08,8.85,26.89,32.13,5.25,3.28,8.20,13.44
370,2381,302,71.9,28.15,202.65,14.24,3.64,0.99,0.66,4.64,0.33,1.99,3.97,102.65,10.60,29.47,45.03,15.56,0.00,0.99,7.95
373,2428,695,71.1,28.92,202.59,19.86,5.04,1.87,0.58,5.90,0.29,1.29,3.88,102.59,14.82,24.89,36.40,11.51,1.01,2.88,10.65
376,2475,258,73.6,26.36,211.24,17.83,3.49,2.33,0.78,8.91,0.00,3.10,4.26,111.24,14.34,27.91,34.88,6.98,1.55,3.88,15.89
379,2522,285,77.5,22.46,160.35,35.09,6.32,1.05,0.00,3.51,0.70,0.35,2.46,60.35,28.77,28.77,32.98,4.21,1.40,2.46,4.91
382,2569,394,65.5,34.52,250.25,3.05,1.52,4.82,0.51,7.36,3.55,1.52,7.36,150.25,1.52,28.43,34.52,6.09,2.79,7.61,15.99
385,2615,319,72.4,27.59,266.46,16.93,3.45,2.82,1.88,8.15,1.57,1.25,5.64,166.46,13.48,21.00,33.54,12.54,0.63,3.45,14.42
388,2662,249,63.1,36.95,385.14,8.84,2.01,4.82,1.61,6.02,2.41,1.20,7.23,285.14,6.83,21.69,30.12,8.43,0.80,5.62,14.86
391,2709,331,67.1,32.93,298.19,10.27,3.93,3.32,2.11,6.95,2.11,0.91,7.85,198.19,6.34,27.19,32.02,4.83,1.51,4.83,17.82
394,2756,223,66.4,33.63,318.83,32.29,9.87,2.24,0.00,7.62,0.45,0.45,3.59,218.83,22.42,14.35,19.28,4.93,0.45,2.69,10.31
397,2803,284,72.2,27.82,226.06,26.41,7.39,3.17,0.70,6.34,2.11,1.41,3.17,126.06,19.01,19.72,28.17,8.45,0.70,3.87,13.03
400,2849,254,63.0,37.01,254.33,21.65,5.12,2.36,1.57,8.27,0.39,0.79,3.94,154.33,16.54,17.32,23.23,5.91,0.79,3.15,16.14
403,2896,295,65.8,34.24,235.93,14.92,3.73,4.75,0.68,7.80,2.03,0.34,5.08,135.93,11.19,21.69,28.47,6.78,1.69,6.44,12.54
406,2943,305,75.7,24.26,207.54,18.36,3.93,3.28,0.66,6.23,1.31,2.95,5.25,107.54,14.43,19.67,37.05,17.38,0.66,3.93,12.79
409,2990,409,66.7,33.25,253.06,11.25,4.16,1.96,0.98,10.27,2.44,1.22,6.36,153.06,7.09,13.69,31.54,17.85,0.73,2.69,18.34
412,3022,379,71.8,28.23,243.27,26.12,6.07,1.58,0.53,11.35,0.53,1.06,3.43,143.27,20.05,18.47,26.65,8.18,0.53,2.11,14.78
415,3047,302,70.5,29.47,274.83,9.93,0.99,2.98,0.00,6.29,0.99,0.99,4.64,174.83,8.94,23.84,44.37,20.53,0.33,3.31,9.60
418,3073,404,69.1,30.94,345.54,5.45,1.49,6.68,1.98,10.40,3.22,0.74,8.17,245.54,3.96,20.79,31.44,10.64,0.99,7.67,22.52
421,3098,556,71.4,28.60,273.56,14.57,3.42,2.70,0.54,8.99,1.26,2.16,5.22,173.56,11.15,22.84,34.71,11.87,1.26,3.96,15.65
424,3123,263,65.0,34.98,235.36,19.01,3.42,3.42,0.76,5.70,0.38,1.14,3.80,135.36,15.59,25.86,30.42,4.56,0.38,3.80,9.51
427,3148,453,73.3,26.71,291.39,13.02,4.42,3.31,0.44,10.60,0.66,2.43,3.53,191.39,8.61,27.59,37.75,10.15,1.55,4.86,17.44
430,3173,250,66.8,33.20,335.20,6.40,1.20,2.80,0.80,11.60,0.80,1.20,6.00,235.20,5.20,26.00,36.80,10.80,0.40,3.20,18.80
433,3199,265,66.4,33.58,297.36,8.68,2.26,4.53,0.75,9.81,0.38,2.26,4.15,197.36,6.42,26.04,34.72,8.68,1.13,5.66,15.85
436,3224,472,68.4,31.57,268.86,7.20,1.48,6.99,0.64,9.53,2.75,1.91,6.57,168.86,5.72,21.82,31.57,9.75,1.27,8.26,18.01
439,3249,363,70.5,29.48,225.07,5.51,0.55,3.86,1.38,2.48,1.38,1.65,3.03,125.07,4.96,42.98,49.04,6.06,2.20,6.06,7.99
442,3274,303,75.9,24.09,160.07,11.22,2.97,3.63,0.99,1.98,1.98,0.33,0.99,60.07,8.25,39.93,54.13,14.19,0.66,4.29,7.26
446,3308,309,80.9,19.09,182.20,28.16,6.47,0.65,0.65,2.27,0.32,0.97,4.53,82.20,21.68,31.39,43.04,11.65,0.32,0.97,5.50
448,3325,497,82.1,17.91,130.38,7.85,1.01,9.66,0.20,3.22,1.41,0.60,2.21,30.38,6.84,45.27,56.34,11.07,0.60,10.26,6.64
451,3350,542,73.8,26.20,192.44,5.90,1.85,3.32,1.29,11.25,0.55,2.40,4.24,92.44,4.06,32.47,42.80,10.33,2.03,5.35,19.74
454,3375,390,76.7,23.33,152.82,14.36,2.82,3.85,1.03,4.62,2.05,2.05,4.62,52.82,11.54,30.51,43.85,13.33,0.26,4.10,11.03
457,3400,550,78.5,21.45,144.55,13.82,2.00,2.36,1.45,4.91,1.64,1.45,3.82,44.55,11.82,33.82,48.00,14.18,1.09,3.45,11.27
460,3425,370,77.0,22.97,180.81,5.41,0.27,2.70,1.62,4.59,1.35,2.43,5.14,80.81,5.14,36.22,53.78,17.57,0.00,2.70,13.24
463,3451,298,73.5,26.51,231.88,9.40,1.34,2.68,1.68,8.39,1.68,3.36,6.71,131.88,8.05,25.50,38.59,13.09,1.01,3.69,17.11
466,3476,687,74.7,25.33,153.71,14.41,3.35,2.18,1.60,5.82,0.73,1.46,3.93,53.71,11.06,32.61,42.94,10.33,1.60,3.78,13.25
469,3501,578,69.6,30.45,189.62,4.84,0.35,9.86,0.87,4.84,1.56,1.90,5.54,89.62,4.50,29.58,37.37,7.79,2.77,12.63,14.19
472,3526,751,70.6,29.43,159.79,3.06,0.80,12.25,1.07,4.93,3.06,1.07,6.13,59.79,2.26,28.36,36.62,8.26,2.40,14.65,13.85
475,3552,143,64.3,35.66,251.75,16.08,5.59,1.40,0.70,2.10,1.40,3.50,9.09,151.75,10.49,17.48,30.07,12.59,0.00,1.40,9.09
478,3577,812,76.0,24.01,148.15,7.76,1.35,4.80,0.62,5.05,1.85,1.60,3.08,48.15,6.40,43.72,49.01,5.30,2.22,7.02,12.93
481,3602,573,78.5,21.47,144.15,11.87,2.62,2.44,0.35,4.54,0.35,1.40,4.01,44.15,9.25,39.44,51.48,12.04,2.09,4.54,8.90
484,3627,441,77.6,22.45,142.63,12.93,2.49,1.81,0.45,4.54,0.68,0.45,0.45,42.63,10.43,42.86,56.01,13.15,0.23,2.04,8.16
487,3652,313,72.2,27.80,178.27,5.43,1.92,6.07,0.32,1.92,0.32,0.96,3.83,78.27,3.51,44.09,52.08,7.99,1.28,7.35,6.39
490,3678,275,76.0,24.00,158.18,16.73,6.18,3.27,0.73,4.36,1.09,1.09,0.73,58.18,10.55,37.09,47.27,10.18,0.73,4.00,8.73
493,3703,368,79.6,20.38,133.42,10.87,2.17,2.72,1.09,4.62,1.36,0.27,5.43,33.42,8.70,41.03,51.90,10.87,1.36,4.08,9.78
496,3728,324,78.7,21.30,150.00,10.49,2.16,6.17,1.23,4.32,1.23,2.16,2.16,50.00,8.33,38.27,50.00,11.73,0.93,7.10,12.04
499,3753,552,75.9,24.09,192.57,9.78,1.99,0.72,0.36,3.26,0.54,0.54,4.53,92.57,7.79,37.50,55.62,18.12,0.54,1.27,6.70
502,3773,313,79.9,20.13,195.53,13.74,2.56,3.51,1.60,1.28,0.00,1.28,3.51,95.53,11.18,43.13,53.35,10.22,1.60,5.11,5.75
505,3791,316,78.2,21.84,148.42,19.62,6.01,1.27,0.63,4.11,0.32,0.63,2.85,48.42,13.61,35.13,47.78,12.66,0.95,2.22,6.96
508,3809,243,80.7,19.34,225.51,34.16,9.05,2.88,0.00,3.29,0.00,0.82,5.35,125.51,25.10,23.05,32.92,9.88,1.23,4.12,5.35
511,3827,313,79.6,20.45,172.20,27.80,7.67,0.32,0.64,5.11,0.96,0.32,1.28,72.20,20.13,34.19,42.81,8.63,0.32,0.64,8.31
514,3845,422,82.2,17.77,147.63,18.01,4.27,2.61,0.47,1.90,0.47,0.47,2.84,47.63,13.74,42.65,54.98,12.32,0.47,3.08,3.32
517,3863,384,74.2,25.78,162.24,18.75,3.91,2.34,1.30,4.17,0.78,0.78,4.17,62.24,14.84,29.95,41.93,11.98,0.00,2.34,9.90
520,3881,385,72.7,27.27,225.45,3.12,0.52,5.71,2.86,2.60,1.82,1.56,3.64,125.45,2.60,39.48,48.57,9.09,2.86,8.57,10.65
523,3899,378,79.6,20.37,150.53,6.35,2.65,7.67,0.53,3.17,1.59,0.79,3.70,50.53,3.70,43.92,54.76,10.85,1.06,8.73,7.94
526,3917,341,73.6,26.39,161.29,8.21,0.59,4.99,1.76,3.23,2.35,0.88,5.57,61.29,7.62,35.19,45.75,10.56,0.88,5.87,11.44
529,3934,407,78.4,21.62,188.94,9.83,2.21,3.93,1.47,6.39,1.23,2.95,4.42,88.94,7.62,28.26,46.68,18.43,1.47,5.41,13.02
532,3952,338,74.6,25.44,201.48,6.80,1.78,3.55,1.18,7.10,0.30,2.96,3.55,101.48,5.03,31.66,47.34,15.68,1.78,5.33,12.72
534,3964,308,78.9,21.10,121.10,10.39,3.25,2.92,0.97,6.82,0.00,0.65,2.27,21.10,7.14,47.40,54.22,6.82,0.65,3.57,10.39
538,3988,808,73.1,26.86,198.89,5.82,0.99,3.96,0.87,5.94,0.87,1.73,4.21,98.89,4.83,36.01,49.01,13.00,0.74,4.70,11.76
541,4006,394,75.1,24.87,229.19,5.84,1.02,6.35,1.52,4.82,2.54,2.28,4.82,129.19,4.82,35.28,45.69,10.41,1.27,7.61,12.94
544,4024,275,72.7,27.27,197.09,14.18,3.64,1.45,0.73,8.73,1.09,1.09,4.36,97.09,10.55,31.64,39.64,8.00,1.45,2.91,14.91
547,4042,222,68.5,31.53,236.04,5.86,1.35,3.60,1.80,6.76,1.80,0.45,3.15,136.04,4.50,34.23,43.24,9.01,1.80,5.41,14.86
550,4060,476,64.3,35.71,157.56,9.24,3.15,2.31,1.89,11.55,2.10,4.41,5.04,57.56,6.09,14.50,25.21,10.71,2.52,4.83,25.84
552,4072,223,75.8,24.22,171.30,13.45,3.59,3.59,0.45,7.17,0.45,1.35,3.59,71.30,9.87,31.39,44.39,13.00,1.35,4.93,12.11
555,4089,313,74.8,25.24,167.73,23.64,5.11,1.92,0.64,7.03,0.00,0.64,3.19,67.73,18.53,27.80,37.06,9.27,0.64,2.56,10.22
558,4107,363,78.2,21.76,165.29,12.67,3.03,3.31,0.83,2.20,0.55,0.55,1.65,65.29,9.64,48.21,55.92,7.71,0.55,3.86,5.51
561,4125,324,75.6,24.38,171.60,6.48,0.93,1.85,1.23,6.17,1.23,4.01,5.56,71.60,5.56,36.42,48.15,11.73,0.93,2.78,14.81
564,4143,276,69.2,30.80,296.74,7.61,0.72,3.62,1.09,5.43,0.36,2.17,7.61,196.74,6.88,29.71,39.13,9.42,2.17,5.80,13.04
567,4161,361,71.7,28.25,206.37,15.24,5.54,3.05,0.83,5.54,0.28,2.22,3.32,106.37,9.70,31.58,39.89,8.31,1.39,4.43,11.08
570,4179,416,76.2,23.80,165.63,3.85,0.72,5.29,0.96,6.25,1.20,2.40,2.88,65.63,3.13,37.74,52.16,14.42,1.20,6.49,14.66
573,4197,354,73.2,26.84,197.18,3.11,0.56,6.21,0.56,4.52,1.98,1.13,5.37,97.18,2.54,36.44,49.72,13.28,0.56,6.78,10.17
576,4215,371,79.2,20.75,160.11,10.78,2.96,2.70,0.81,5.66,0.81,0.54,2.43,60.11,7.82,44.74,54.99,10.24,0.54,3.23,10.51
579,4233,235,78.3,21.70,270.64,14.04,2.55,1.70,2.13,2.13,2.13,0.43,4.26,170.64,11.49,27.23,50.21,22.98,1.28,2.98,7.66
582,4250,329,78.7,21.28,168.69,15.50,3.04,2.13,1.52,6.99,0.61,0.61,3.04,68.69,12.46,37.69,46.20,8.51,2.13,4.26,11.25
585,4268,323,75.2,24.77,176.47,8.36,2.17,4.64,1.86,8.36,0.93,2.48,3.10,76.47,6.19,29.10,45.51,16.41,0.00,4.64,17.34
588,4286,259,74.9,25.10,199.61,10.04,2.70,5.79,1.16,3.86,1.16,3.09,4.63,99.61,7.34,24.71,43.63,18.92,1.54,7.34,13.13
591,4305,362,74.6,25.41,191.16,6.35,0.55,5.25,1.10,8.01,1.38,1.66,3.31,91.16,5.80,35.91,46.69,10.77,0.83,6.08,14.92
594,4327,378,79.6,20.37,180.95,9.52,2.12,1.59,0.53,7.94,1.32,1.85,2.65,80.95,7.41,23.28,53.70,30.42,0.53,2.12,13.76
597,4348,425,81.6,18.35,176.00,8.47,2.35,2.59,1.41,8.71,1.18,1.65,3.29,76.00,6.12,39.29,53.65,14.35,0.71,3.29,15.29
600,4369,403,73.9,26.05,225.81,4.47,1.49,2.48,1.49,12.41,1.74,1.49,2.23,125.81,2.98,26.05,46.40,20.35,1.24,3.72,20.60
603,4390,294,77.9,22.11,257.14,4.76,1.70,5.10,0.68,3.40,0.68,1.02,5.10,157.14,3.06,34.35,56.46,22.11,0.68,5.78,6.80
606,4412,270,76.7,23.33,220.74,4.07,1.11,4.07,0.37,5.93,0.74,3.33,6.67,120.74,2.96,30.37,48.89,18.52,2.59,6.67,11.85
609,4433,348,74.7,25.29,224.14,3.16,2.59,3.45,3.45,10.34,1.44,3.45,4.02,124.14,0.57,34.77,44.83,10.06,0.57,4.02,22.13
612,4454,372,73.9,26.08,229.57,6.18,1.88,2.69,1.34,12.10,2.69,1.34,4.84,129.57,4.30,30.11,41.67,11.56,1.08,3.76,20.16
615,4476,295,75.9,24.07,212.54,5.08,3.05,2.37,1.69,13.90,1.02,2.37,3.39,112.54,2.03,24.07,45.08,21.02,1.02,3.39,21.36
618,4497,378,80.7,19.31,154.50,9.26,3.70,3.44,1.85,7.94,0.53,1.32,2.12,54.50,5.56,40.48,52.12,11.64,2.12,5.56,15.08
621,4518,329,79.0,20.97,209.42,5.78,1.52,2.74,1.52,12.16,1.22,2.13,4.26,109.42,4.26,27.66,48.94,21.28,0.30,3.04,19.15
624,4539,588,77.6,22.45,143.37,9.18,1.53,2.04,1.36,8.50,0.34,0.68,3.23,43.37,7.65,30.61,51.19,20.58,1.02,3.06,13.44
627,4561,342,72.5,27.49,192.98,8.48,2.34,2.92,1.46,9.94,0.58,2.34,5.85,92.98,6.14,33.04,40.06,7.02,0.88,3.80,19.01
630,4582,519,74.8,25.24,156.84,10.79,3.08,1.54,1.35,6.36,0.77,1.35,3.85,56.84,7.71,36.99,47.21,10.21,1.54,3.08,12.52
631,4589,278,78.8,21.22,142.09,14.03,5.04,1.44,1.44,8.63,1.08,1.08,4.32,42.09,8.99,33.09,46.40,13.31,0.36,1.80,12.95
633,4603,300,75.3,24.67,191.00,8.33,1.67,3.00,1.00,14.33,0.67,1.33,1.67,91.00,6.67,27.33,45.00,17.67,0.00,3.00,19.67
636,4625,342,76.0,23.98,160.23,11.99,2.63,2.05,0.88,4.68,1.75,1.46,3.51,60.23,9.36,27.19,48.83,21.64,0.88,2.92,10.82
639,4646,263,75.3,24.71,182.51,17.11,4.18,1.14,0.38,4.18,1.90,1.52,3.80,82.51,12.93,24.71,44.11,19.39,1.14,2.28,8.75
642,4667,272,84.2,15.81,145.96,13.24,3.68,2.21,0.74,3.68,1.10,1.10,0.74,45.96,9.56,39.34,61.03,21.69,0.37,2.57,7.72
645,4688,474,78.9,21.10,132.49,11.39,2.53,2.95,0.84,5.70,0.21,0.21,2.53,32.49,8.86,41.56,54.43,12.87,0.63,3.59,8.86
648,4710,353,77.1,22.95,185.27,8.78,2.83,2.55,1.13,5.95,0.57,1.98,3.40,85.27,5.95,30.88,51.56,20.68,1.13,3.68,11.61
651,4731,246,75.2,24.80,238.62,3.66,1.22,2.85,0.41,9.76,1.63,3.66,9.35,138.62,2.44,22.76,43.90,21.14,0.00,2.85,18.29
654,4752,282,72.0,28.01,180.50,19.86,4.61,0.00,0.35,2.84,0.71,0.71,4.61,80.50,15.25,21.28,42.91,21.63,0.00,0.00,6.03
657,4774,395,78.2,21.77,179.75,18.48,4.56,2.03,0.76,9.11,1.01,1.27,2.78,79.75,13.92,28.86,41.77,12.91,1.01,3.04,13.16
660,4795,324,78.1,21.91,150.93,14.81,4.32,0.62,0.93,2.47,0.31,0.31,3.40,50.93,10.49,37.65,54.94,17.28,0.31,0.93,5.56
663,4816,305,83.0,17.05,146.89,20.00,1.97,0.66,0.00,3.61,1.64,0.66,2.95,46.89,18.03,37.05,52.79,15.74,0.66,1.31,7.54
666,4838,478,81.0,19.04,167.15,11.30,3.35,3.77,1.67,7.74,1.26,0.84,4.60,67.15,7.95,37.45,48.12,10.67,1.67,5.44,12.97
669,4859,328,75.3,24.70,194.51,4.57,1.22,1.52,1.52,8.54,0.30,2.74,3.05,94.51,3.35,29.88,52.74,22.87,0.30,1.83,17.99
673,4887,442,82.8,17.19,123.98,15.38,2.94,1.58,0.45,6.33,0.00,0.68,2.94,23.98,12.44,33.94,54.75,20.81,0.68,2.26,7.92
675,4901,282,79.8,20.21,163.83,9.57,3.90,2.13,0.00,5.32,1.77,0.71,2.13,63.83,5.67,26.24,57.80,31.56,0.35,2.48,8.51
678,4923,412,81.3,18.69,159.22,8.98,1.70,2.43,0.73,5.83,0.73,1.46,4.85,59.22,7.28,35.19,55.83,20.63,0.49,2.91,9.71
681,4944,353,71.1,28.90,198.02,2.27,0.57,5.67,0.28,3.40,0.57,0.85,3.68,98.02,1.70,35.41,53.82,18.41,0.57,6.23,9.07
684,4966,926,76.7,23.33,132.72,4.75,0.76,3.46,1.62,7.99,2.27,2.38,4.43,32.72,4.00,34.56,48.60,14.04,1.19,4.64,18.90
687,4988,348,79.6,20.40,141.38,14.08,3.45,1.72,1.72,10.92,0.29,0.29,2.01,41.38,10.63,33.33,46.84,13.51,1.72,3.45,16.95
690,5010,332,80.1,19.88,178.31,13.25,1.81,2.11,0.90,9.04,0.90,3.61,4.22,78.31,11.45,25.60,45.78,20.18,0.30,2.41,15.66
693,5031,351,75.2,24.79,176.07,16.52,3.42,0.57,1.42,7.12,1.99,1.14,2.28,76.07,13.11,27.64,42.74,15.10,1.42,1.99,13.68
696,5053,410,79.5,20.49,144.63,5.12,1.22,2.44,1.46,11.46,1.22,2.93,3.17,44.63,3.90,34.63,50.24,15.61,1.46,3.90,23.41
699,5075,345,77.4,22.61,160.29,12.75,2.90,3.48,1.45,6.38,0.29,0.29,2.32,60.29,9.86,30.14,49.28,19.13,1.16,4.64,10.14
702,5097,599,81.5,18.53,154.92,5.84,1.67,5.68,1.50,1.67,1.50,1.67,6.01,54.92,4.17,38.73,56.09,17.36,1.50,7.18,7.51
705,5119,357,75.6,24.37,163.87,10.92,3.64,2.80,1.96,9.52,0.84,1.68,2.80,63.87,7.28,31.65,44.54,12.89,0.56,3.36,17.09
708,5141,318,79.2,20.75,179.87,8.18,2.83,2.83,0.63,10.06,0.94,1.26,5.03,79.87,5.35,30.19,49.69,19.50,0.63,3.46,16.35
711,5162,250,72.8,27.20,214.40,2.40,0.80,2.40,0.40,12.80,1.60,0.40,4.80,114.40,1.60,15.20,48.00,32.80,0.00,2.40,17.60
714,5184,489,78.3,21.68,165.03,15.34,3.48,1.43,0.41,6.95,0.61,0.61,2.25,65.03,11.86,27.61,50.31,22.70,0.41,1.84,10.22
717,5206,404,82.4,17.57,160.15,9.65,1.73,3.47,0.50,3.71,2.48,0.25,3.96,60.15,7.92,36.88,57.43,20.54,0.99,4.46,7.92
720,5228,451,74.1,25.94,148.34,23.28,5.54,1.55,0.22,5.54,0.67,0.44,2.00,48.34,17.74,27.49,39.47,11.97,0.89,2.44,8.20
723,5250,303,72.6,27.39,157.43,15.84,1.98,2.97,0.33,7.26,0.99,1.32,4.95,57.43,13.86,14.85,38.94,24.09,0.00,2.97,10.89
726,5271,234,73.5,26.50,202.99,11.97,2.99,1.71,1.28,9.83,2.99,0.43,3.85,102.99,8.97,15.38,41.03,25.64,0.43,2.14,16.24
729,5293,454,80.2,19.82,147.14,10.13,2.42,1.76,0.44,4.63,1.32,1.32,1.98,47.14,7.71,40.97,58.15,17.18,0.44,2.20,8.81
732,5315,242,81.8,18.18,164.05,27.27,6.61,0.83,0.83,4.96,0.00,0.00,4.55,64.05,20.66,27.69,42.98,15.29,0.41,1.24,6.20
735,5337,392,75.5,24.49,203.06,33.42,9.95,1.79,0.51,5.10,0.26,1.02,1.53,103.06,23.47,23.21,30.10,6.89,1.79,3.57,7.14
738,5359,287,74.9,25.09,179.79,25.78,6.27,1.74,1.05,3.83,0.00,1.05,5.57,79.79,19.51,26.48,34.84,8.36,1.05,2.79,8.01
741,5381,286,76.6,23.43,175.52,9.09,3.15,2.80,0.00,6.64,0.35,1.40,2.80,75.52,5.94,31.47,53.15,21.68,0.35,3.15,9.44
744,5402,298,86.6,13.42,128.52,17.45,3.36,1.34,0.00,1.68,0.34,0.00,1.34,28.52,14.09,47.65,63.76,16.11,0.67,2.01,2.68
747,5424,408,79.7,20.34,147.06,19.61,5.39,1.96,0.74,4.66,0.49,0.49,2.94,47.06,14.22,27.70,48.77,21.08,0.00,1.96,6.86
750,5446,222,79.7,20.27,162.16,13.51,3.60,2.70,1.80,9.91,2.25,0.90,2.70,62.16,9.91,23.42,45.95,22.52,0.00,2.70,15.77
753,5468,449,77.5,22.49,168.82,19.38,5.12,0.89,0.22,6.46,0.22,1.56,3.12,68.82,14.25,30.96,44.54,13.59,1.11,2.00,9.58
756,5490,235,76.2,23.83,155.32,16.60,3.40,2.55,0.00,4.68,0.43,0.85,3.83,55.32,13.19,23.40,46.81,23.40,0.43,2.98,6.38
759,5511,327,78.9,21.10,158.41,16.82,3.98,1.22,0.00,6.12,0.31,1.22,3.36,58.41,12.84,30.89,49.54,18.65,0.31,1.53,9.48
762,5533,357,74.5,25.49,174.51,17.37,3.92,0.00,1.96,4.48,0.28,1.12,2.52,74.51,13.45,33.89,45.10,11.20,1.68,1.68,8.96
765,5555,501,73.7,26.35,207.39,22.16,3.79,2.59,1.20,14.17,0.60,1.20,7.19,107.39,18.36,9.58,23.75,14.17,0.80,3.39,19.76
768,5577,411,72.3,27.74,152.31,32.85,8.76,0.73,0.73,4.62,0.73,0.24,2.43,52.31,24.09,18.25,29.68,11.44,0.24,0.97,7.06
771,5601,251,83.7,16.33,144.22,16.33,4.38,3.19,0.00,3.19,0.00,0.80,1.99,44.22,11.95,32.67,57.77,25.10,0.40,3.59,4.38
774,5629,343,71.1,28.86,166.76,5.54,1.17,1.17,0.58,4.96,2.04,0.87,3.50,66.76,4.37,18.95,52.19,33.24,0.29,1.46,11.37
777,5657,264,80.7,19.32,157.58,23.86,6.06,0.76,0.38,4.92,0.00,0.38,4.17,57.58,17.80,33.71,45.83,12.12,0.38,1.14,6.06
780,5685,304,75.3,24.67,146.38,18.42,5.26,2.96,0.66,3.95,0.33,0.66,1.64,46.38,13.16,18.42,46.05,27.63,0.66,3.62,7.24
783,5713,326,78.5,21.47,155.21,11.04,2.76,1.23,0.92,7.36,0.00,0.61,3.68,55.21,8.28,26.69,53.37,26.69,0.31,1.53,9.51
786,5742,220,74.1,25.91,248.64,18.64,4.09,2.27,0.45,7.73,0.00,0.45,5.45,148.64,14.55,20.45,38.64,18.18,0.45,2.73,10.00
789,5770,218,77.5,22.48,234.86,22.48,4.13,0.46,0.46,5.05,0.00,0.00,2.75,134.86,18.35,32.57,46.33,13.76,0.00,0.46,5.50
792,5798,259,73.7,26.25,249.03,16.22,4.63,1.93,0.00,9.27,0.77,1.16,3.47,149.03,11.58,23.94,40.15,16.22,0.77,2.70,12.36
795,5826,482,72.4,27.59,226.14,21.99,4.56,1.45,0.41,9.34,0.00,1.45,4.56,126.14,17.43,17.63,32.16,14.52,1.04,2.49,12.45
798,5854,235,70.2,29.79,276.17,8.09,1.70,3.40,1.70,6.38,2.98,1.28,5.11,176.17,6.38,17.02,40.43,23.40,0.85,4.26,14.47
801,5882,173,75.1,24.86,241.62,20.81,4.62,0.00,0.58,5.78,0.00,2.31,2.31,141.62,16.18,26.01,43.35,17.34,0.00,0.00,9.25
804,5911,282,69.1,30.85,195.74,15.60,5.67,1.77,1.06,6.74,0.35,1.06,1.77,95.74,9.93,30.50,39.36,8.87,1.42,3.19,11.35
807,5939,253,73.1,26.88,202.37,24.11,7.11,1.19,0.00,9.49,0.79,1.58,1.98,102.37,17.00,18.18,32.41,14.23,1.58,2.77,13.04
810,5967,413,82.1,17.92,132.20,16.95,5.33,1.94,1.45,3.63,0.24,0.24,0.97,32.20,11.62,43.34,55.93,12.59,0.73,2.66,5.81
813,5995,740,76.4,23.65,138.24,24.59,4.46,1.22,0.27,7.70,0.41,0.81,2.84,38.24,20.14,17.30,38.38,21.08,0.14,1.35,10.27
816,6023,392,75.5,24.49,140.82,26.02,6.12,0.51,0.00,6.12,0.00,0.26,4.34,40.82,19.90,23.47,37.50,14.03,0.77,1.28,7.65
819,6051,330,75.5,24.55,143.94,30.30,4.55,1.21,1.52,3.64,0.00,0.30,3.33,43.94,25.76,20.00,35.15,15.15,0.00,1.21,6.36
822,6080,347,74.4,25.65,131.70,25.36,3.75,1.15,0.86,6.92,0.00,0.29,3.46,31.70,21.61,19.88,36.31,16.43,0.00,1.15,8.93
825,6108,421,82.4,17.58,133.97,9.50,1.19,1.43,0.48,7.36,0.24,2.14,2.38,33.97,8.31,26.60,58.67,32.07,0.24,1.66,11.64
828,6136,840,77.3,22.74,142.62,14.40,3.57,1.67,0.48,7.98,0.60,1.31,3.10,42.62,10.83,29.52,47.02,17.50,0.71,2.38,12.50
831,6164,443,77.2,22.80,132.05,36.79,7.22,0.90,0.45,5.19,0.45,1.35,2.48,32.05,29.57,16.70,28.89,12.19,0.68,1.58,8.80
834,6192,400,82.8,17.25,123.50,4.50,1.75,1.75,1.00,5.25,0.50,1.50,2.50,23.50,2.75,31.75,65.75,34.00,0.00,1.75,10.25
837,6220,531,78.0,22.03,156.69,27.12,6.97,1.13,0.19,4.33,0.38,0.19,1.32,56.69,20.15,30.51,42.37,11.86,0.94,2.07,5.65
840,6248,710,76.9,23.10,122.68,28.31,4.79,0.56,0.28,4.23,0.14,0.14,2.25,22.68,23.52,23.80,40.70,16.90,0.28,0.85,5.49
843,6277,1120,81.3,18.66,119.46,26.07,5.45,0.89,0.18,2.68,0.27,0.27,1.25,19.46,20.63,29.29,48.93,19.64,0.80,1.70,4.02
846,6305,380,78.7,21.32,153.95,27.11,5.53,1.58,0.53,4.47,0.26,0.79,5.00,53.95,21.58,20.00,38.68,18.68,0.26,1.84,7.11
849,6333,255,81.6,18.43,154.90,23.53,4.71,1.18,0.00,2.75,0.00,0.39,3.14,54.90,18.82,22.35,50.59,28.24,0.00,1.18,3.14
852,6361,316,78.5,21.52,132.59,19.94,5.70,1.27,0.63,6.65,0.00,0.63,2.22,32.59,14.24,18.04,47.15,29.11,0.00,1.27,8.86
855,6389,285,74.0,25.96,140.35,34.39,7.72,1.40,0.35,5.61,0.35,0.70,4.91,40.35,26.67,9.82,26.32,16.49,0.00,1.40,7.02
858,6417,549,84.3,15.66,149.36,4.92,1.46,1.28,0.18,4.74,0.18,0.36,2.91,49.36,3.46,38.80,69.40,30.60,0.36,1.64,6.01
861,6448,654,83.2,16.82,136.39,7.49,2.14,1.53,0.15,2.91,0.15,0.46,2.75,36.39,5.35,33.64,67.43,33.79,0.31,1.83,4.28
864,6483,545,83.1,16.88,122.02,22.75,7.89,0.73,0.18,0.37,0.18,0.00,0.55,22.02,14.86,45.87,58.17,12.29,0.18,0.92,1.10
867,6519,353,81.6,18.41,128.61,16.15,5.10,1.98,0.00,0.28,0.00,0.57,1.13,28.61,11.05,45.89,60.91,15.01,0.57,2.55,0.85
870,6554,828,80.1,19.93,128.38,20.29,4.11,0.72,0.24,1.45,0.24,0.24,1.21,28.38,16.18,30.31,55.19,24.88,0.48,1.21,2.42
873,6590,367,76.8,23.16,114.44,35.69,10.90,1.36,0.00,0.54,0.00,0.27,1.63,14.44,24.80,28.88,37.06,8.17,0.27,1.63,1.09
876,6625,196,75.5,24.49,123.98,21.43,4.08,1.02,0.00,1.53,0.00,1.02,1.53,23.98,17.35,23.47,48.47,25.00,0.51,1.53,3.06
879,6661,482,79.0,20.95,127.59,28.01,4.98,0.83,0.41,4.77,0.83,0.21,2.90,27.59,23.03,20.12,40.46,20.33,0.62,1.45,7.05
882,6696,383,82.2,17.75,133.16,25.33,4.44,0.78,0.00,3.92,0.26,0.78,2.61,33.16,20.89,30.29,47.78,17.49,0.78,1.57,5.48
885,6732,406,79.1,20.94,132.27,33.50,8.37,1.48,0.74,3.20,0.49,0.49,3.94,32.27,25.12,21.18,33.50,12.32,1.72,3.20,5.67
888,6767,327,84.4,15.60,114.98,18.35,6.12,1.53,0.31,1.53,0.92,0.00,1.22,14.98,12.23,51.38,60.24,8.87,0.31,1.83,2.75
891,6803,411,83.0,17.03,114.60,8.03,3.65,4.14,0.24,2.43,1.22,0.24,1.95,14.60,4.38,54.26,63.75,9.49,0.97,5.11,5.84
894,6838,535,81.7,18.32,121.12,26.73,6.17,0.93,0.19,2.62,0.37,0.56,2.99,21.12,20.56,27.85,47.10,19.25,0.19,1.12,4.49
897,6874,344,82.6,17.44,112.79,14.83,3.78,1.16,0.29,1.16,0.29,0.29,2.62,12.79,11.05,42.73,61.34,18.60,0.58,1.74,2.91
900,6909,656,75.9,24.09,133.84,27.13,8.08,1.37,0.30,4.42,0.30,1.07,2.90,33.84,19.05,22.26,37.96,15.70,0.46,1.83,7.32
903,6944,571,84.9,15.06,114.01,6.65,1.40,0.53,0.35,0.88,0.70,0.18,1.23,14.01,5.25,33.80,74.26,40.46,0.18,0.70,2.45
906,6980,504,79.4,20.63,140.08,20.24,6.55,2.38,0.20,1.59,0.40,0.20,0.99,40.08,13.69,33.73,52.58,18.85,0.79,3.17,2.98
909,7015,658,81.2,18.84,122.95,26.44,4.71,0.30,0.15,1.67,0.30,0.46,2.43,22.95,21.73,27.36,48.94,21.58,0.46,0.76,3.04
912,7051,499,80.6,19.44,133.67,19.44,5.01,1.80,0.40,1.40,0.00,0.20,1.40,33.67,14.43,44.89,55.91,11.02,0.00,1.80,2.81
915,7086,650,81.8,18.15,130.15,25.85,5.85,1.23,0.62,0.62,0.31,0.15,1.54,30.15,20.00,30.92,51.23,20.31,0.31,1.54,1.69
918,7122,507,78.1,21.89,123.67,34.71,12.23,0.99,0.00,0.79,0.20,0.20,2.17,23.67,22.49,29.78,38.86,9.07,0.20,1.18,1.78
921,7157,553,81.2,18.81,132.37,58.59,16.27,1.81,0.00,1.63,0.18,0.54,1.81,32.37,42.31,10.49,16.09,5.61,0.54,2.35,2.89
925,7205,530,84.9,15.09,129.06,11.70,2.08,1.70,0.38,2.45,0.38,0.00,1.51,29.06,9.62,39.81,66.04,26.23,0.75,2.45,3.96
927,7228,298,78.9,21.14,124.16,29.53,5.37,0.34,0.34,2.68,0.00,1.01,2.35,24.16,24.16,23.83,41.95,18.12,0.67,1.01,4.70
930,7264,538,80.7,19.33,121.38,34.20,5.39,1.49,0.37,1.30,0.19,0.37,2.79,21.38,28.81,27.70,38.85,11.15,1.12,2.60,2.60
933,7299,862,79.9,20.07,137.24,36.89,11.37,1.62,0.00,4.29,0.81,1.39,2.78,37.24,25.52,18.79,31.21,12.41,0.93,2.55,7.19
936,7335,407,73.2,26.78,131.70,30.71,3.19,0.49,0.00,1.47,0.25,0.00,2.70,31.70,27.52,17.69,37.10,19.41,0.49,0.98,1.97
939,7370,786,82.8,17.18,109.67,38.42,17.30,0.76,0.00,0.38,0.00,0.25,1.27,9.67,21.12,32.19,41.22,9.03,0.51,1.27,0.64
942,7405,997,83.9,16.15,115.95,14.74,4.51,1.10,0.00,1.50,0.10,0.70,1.81,15.95,10.23,42.03,63.49,21.46,0.40,1.50,3.01
945,7441,596,77.5,22.48,111.07,30.03,8.05,1.01,0.00,0.00,0.00,0.17,1.51,11.07,21.98,29.03,44.13,15.10,0.67,1.68,0.50
948,7476,568,79.9,20.07,126.23,23.06,6.51,1.58,0.18,1.06,0.53,0.35,1.94,26.23,16.55,31.69,50.88,19.19,0.35,1.94,2.46
951,7521,908,77.1,22.91,132.93,33.15,12.78,1.32,0.22,1.43,0.00,0.33,2.09,32.93,20.37,30.73,37.33,6.61,1.21,2.53,2.64
954,7586,230,83.5,16.52,133.91,13.04,1.74,4.35,0.43,2.17,0.00,0.00,1.74,33.91,11.30,32.61,61.74,29.13,0.00,4.35,2.61
957,7650,822,86.7,13.26,118.49,6.57,1.09,1.82,0.36,2.43,0.36,0.73,3.53,18.49,5.47,55.11,70.56,15.45,0.36,2.19,4.50
960,7714,561,78.6,21.39,121.39,41.71,8.73,1.07,0.36,1.25,0.00,0.89,1.60,21.39,32.98,16.76,31.02,14.26,0.71,1.78,2.85
963,7778,751,77.5,22.50,146.74,34.09,11.19,1.07,0.27,1.33,0.00,0.40,2.00,46.74,22.90,29.03,37.68,8.66,0.67,1.73,2.66
966,7843,312,77.2,22.76,132.69,35.26,7.69,0.64,0.00,0.64,0.00,0.00,1.92,32.69,27.56,28.21,37.50,9.29,1.28,1.92,0.96
969,7907,441,81.9,18.14,163.72,20.41,4.31,1.81,0.23,2.49,0.91,1.13,1.59,63.72,16.10,34.01,52.83,18.82,0.45,2.27,5.44
972,7971,500,80.4,19.60,144.20,20.20,4.20,2.20,0.20,0.40,0.20,0.40,2.60,44.20,16.00,38.20,53.00,14.80,1.20,3.40,1.40
975,8035,505,77.0,22.97,139.41,27.72,10.10,1.58,0.40,1.19,0.00,0.40,3.56,39.41,17.62,33.07,41.98,8.91,0.20,1.78,2.97
978,8100,554,81.4,18.59,147.29,28.16,8.84,1.08,0.18,1.81,0.00,0.36,3.61,47.29,19.31,36.82,45.67,8.84,0.54,1.62,3.07
981,8164,429,78.6,21.45,150.12,23.54,5.83,2.56,1.17,5.36,0.23,0.93,5.36,50.12,17.72,20.98,38.69,17.72,0.70,3.26,9.32
984,8228,541,82.1,17.93,147.50,24.40,5.18,2.22,0.55,2.03,0.55,0.55,4.07,47.50,19.22,35.30,46.77,11.46,0.92,3.14,4.62
985,8249,480,80.0,20.00,148.96,14.17,3.75,2.71,0.83,4.38,1.04,1.04,6.88,48.96,10.42,26.25,47.92,21.67,1.04,3.75,9.38
987,8292,665,81.4,18.65,138.05,23.61,7.52,1.80,0.00,1.20,0.45,0.90,4.06,38.05,16.09,37.29,48.72,11.43,0.60,2.41,3.01
990,8356,741,81.2,18.76,148.18,24.56,4.59,1.08,0.40,4.59,0.27,1.35,4.86,48.18,19.97,30.77,42.65,11.88,1.48,2.56,6.61
993,8421,504,77.2,22.82,166.67,24.21,7.14,2.18,0.99,8.73,0.00,2.58,3.77,66.67,17.06,24.60,33.93,9.33,0.79,2.98,13.49
996,8485,592,78.7,21.28,147.47,14.36,3.38,2.70,0.68,5.91,0.84,1.35,4.90,47.47,10.98,36.15,47.13,10.98,0.84,3.55,10.81
999,8549,622,79.7,20.26,152.89,26.21,7.07,1.45,0.96,5.47,0.00,1.45,3.05,52.89,19.13,33.60,40.19,6.59,0.96,2.41,8.84
1002,8613,482,79.0,20.95,130.71,26.56,8.30,1.87,0.83,3.32,0.21,1.45,2.70,30.71,18.26,32.99,40.25,7.26,1.87,3.73,6.64
1005,8678,959,84.8,15.22,129.20,30.66,9.70,1.36,0.73,2.19,0.21,0.42,3.02,29.20,20.96,38.79,45.67,6.88,0.52,1.88,4.38
1008,8742,375,84.5,15.47,137.87,24.53,5.60,2.13,0.80,3.47,1.60,1.60,5.87,37.87,18.93,35.47,44.00,8.53,0.53,2.67,8.53
1011,8806,860,78.1,21.86,133.02,22.09,6.16,2.33,0.47,5.81,0.23,0.70,3.95,33.02,15.93,34.07,42.09,8.02,0.47,2.79,8.02
1014,8870,466,79.0,21.03,185.84,32.62,13.52,1.93,0.00,6.87,0.43,0.21,6.44,85.84,19.10,18.67,29.61,10.94,0.86,2.79,8.80
1017,8935,814,82.7,17.32,141.77,27.64,10.20,2.09,0.37,5.41,0.00,0.49,3.93,41.77,17.44,35.87,41.28,5.41,1.47,3.56,6.76
1020,8999,248,75.0,25.00,219.76,23.39,9.27,2.82,0.81,10.08,0.81,5.24,8.47,119.76,14.11,16.13,22.18,6.05,1.21,4.03,18.15
1023,9063,635,77.8,22.20,159.37,31.18,12.60,1.89,0.63,7.87,0.16,1.57,5.51,59.37,18.58,21.42,26.93,5.51,2.05,3.94,12.60
1025,9106,436,84.2,15.83,131.42,13.99,3.21,3.44,0.00,4.36,0.69,1.83,5.28,31.42,10.78,43.35,53.21,9.86,1.38,4.82,8.26
1026,9127,689,82.6,17.42,137.16,24.67,7.26,1.60,0.15,3.92,0.44,0.87,5.08,37.16,17.42,32.66,44.85,12.19,1.02,2.61,6.97
1029,9191,528,80.3,19.70,133.14,19.70,5.49,0.95,0.00,3.79,0.19,1.14,3.22,33.14,14.20,39.02,50.00,10.98,1.33,2.27,5.30
1032,9256,436,80.5,19.50,154.82,17.20,1.61,2.29,0.23,3.67,0.69,1.15,7.80,54.82,15.60,27.98,47.48,19.50,0.00,2.29,6.88
1035,9320,542,78.8,21.22,152.95,11.25,2.95,2.95,0.74,5.17,0.74,1.29,9.23,52.95,8.30,30.63,46.13,15.50,1.29,4.24,9.78
1038,9384,168,79.8,20.24,155.36,16.67,5.95,4.17,1.19,5.36,0.60,1.79,7.14,55.36,10.71,28.57,41.07,12.50,1.79,5.95,11.31
1041,9448,371,79.2,20.75,166.04,22.37,6.20,2.43,0.27,8.09,1.08,2.16,6.47,66.04,16.17,23.99,35.31,11.32,1.08,3.50,12.13
1044,9513,449,80.4,19.60,140.98,36.75,8.46,2.00,0.67,7.57,0.45,1.56,5.12,40.98,28.29,18.04,24.28,6.24,2.00,4.01,10.91
1047,9577,403,81.1,18.86,126.55,23.57,3.97,1.49,0.50,5.96,0.99,1.49,3.72,26.55,19.60,30.77,42.68,11.91,0.74,2.23,9.68
1050,9641,570,79.6,20.35,166.32,34.04,4.39,2.46,1.58,7.02,0.70,0.35,5.44,66.32,29.65,16.84,26.67,9.82,1.40,3.86,10.18
1053,9705,386,83.2,16.84,134.20,27.20,5.18,4.92,0.00,9.07,1.30,1.30,8.81,34.20,22.02,15.54,29.79,14.25,0.78,5.70,12.44
1056,9770,446,75.6,24.44,162.78,24.66,3.36,2.47,1.79,8.97,0.45,2.69,11.88,62.78,21.30,11.43,20.18,8.74,2.47,4.93,16.14
1059,9834,206,85.0,15.05,161.65,38.83,7.77,4.37,1.46,2.91,0.49,0.49,4.85,61.65,31.07,26.21,29.61,3.40,1.94,6.31,7.77
1062,9904,408,80.9,19.12,163.73,33.58,4.41,3.19,0.00,5.15,1.23,0.98,5.64,63.73,29.17,24.75,30.39,5.64,0.74,3.92,8.09
1065,9974,765,78.4,21.57,155.69,22.09,3.53,5.10,0.78,5.75,1.44,4.05,13.20,55.69,18.56,13.73,23.27,9.54,2.75,7.84,13.46